muni_id,absolute_change
484001001,0.0
484001002,0.0
484001003,0.0
484001004,0.0
484001005,0.0
484001006,0.0
484001007,0.0
484001008,0.0
484002001,0.0
484002002,0.0
484002003,0.0
484002004,0.0
484003001,0.0
484004001,0.0
484004002,0.0
484004003,0.0
484004004,0.0
484004005,0.0
484004006,0.0
484005001,0.0
484005002,0.0
484005003,0.0
484005004,0.0
484005005,0.0
484005006,0.0
484005007,0.0
484005008,0.0
484005009,0.0
484005010,0.0
484005011,0.0
484005012,0.0
484005013,0.0
484005014,0.0
484005015,0.0
484005016,0.0
484005017,0.0
484005018,0.0
484005019,0.0
484005020,0.0
484005021,0.0
484005022,0.0
484005023,0.0
484005024,0.0
484005025,0.0
484005026,0.0
484005027,0.0
484005028,0.0
484005029,0.0
484005030,0.0
484005031,0.0
484005032,0.0
484005033,0.0
484005034,0.0
484005035,0.0
484005036,0.0
484005037,0.0
484005038,0.0
484006001,0.0
484006002,0.0
484006003,0.0
484006004,0.0
484006005,0.0
484006006,0.0
484006007,0.0
484006008,0.0
484006009,0.0
484007001,0.0
484007002,0.0
484007003,0.0
484007004,0.0
484007005,0.0
484007006,0.0
484007007,0.0
484007008,0.0
484007009,0.0
484007010,0.0
484007011,0.0
484007012,0.0
484007013,0.0
484007014,0.0
484007015,0.0
484007016,0.0
484007017,0.0
484007018,0.0
484007019,0.0
484007020,0.0
484007021,0.0
484007022,0.0
484007023,0.0
484007024,0.0
484007025,0.0
484007026,0.0
484007027,0.0
484007028,0.0
484007029,0.0
484007030,0.0
484007031,0.0
484007032,0.0
484007033,0.0
484007034,0.0
484007035,0.0
484007036,0.0
484007037,0.0
484007038,0.0
484007039,0.0
484007040,0.0
484007041,0.0
484007042,0.0
484007043,0.0
484007044,0.0
484007045,0.0
484007046,0.0
484007047,0.0
484007048,0.0
484007049,0.0
484007050,0.0
484007051,0.0
484007052,0.0
484007053,0.0
484007054,0.0
484007055,0.0
484007056,0.0
484007057,0.0
484007058,0.0
484007059,0.0
484007060,0.0
484007061,0.0
484007062,0.0
484007063,0.0
484007064,0.0
484007065,0.0
484007066,0.0
484007067,0.0
484007068,0.0
484007069,0.0
484007070,0.0
484007071,0.0
484007072,0.0
484007073,0.0
484007074,0.0
484007075,0.0
484007076,0.0
484007077,0.0
484007078,0.0
484007079,0.0
484007080,0.0
484007081,0.0
484007082,0.0
484007083,0.0
484007084,0.0
484007085,0.0
484007086,0.0
484007087,0.0
484007088,0.0
484007089,0.0
484007090,0.0
484007091,0.0
484007093,0.0
484007094,0.0
484007095,0.0
484007096,0.0
484007097,0.0
484007098,0.0
484007099,0.0
484007100,0.0
484007101,0.0
484007102,0.0
484007103,0.0
484007104,0.0
484007105,0.0
484007106,0.0
484007107,0.0
484007108,0.0
484007109,0.0
484007110,0.0
484008001,0.0
484008002,0.0
484008003,0.0
484008004,0.0
484008005,0.0
484008006,-260.4445114135742
484008007,0.0
484008008,39.41480255126953
484008009,0.0
484008010,0.0
484008011,-59.11957931518555
484008012,0.0
484008013,0.0
484008014,0.0
484008015,0.0
484008016,-203.13269805908203
484008017,-140.69546508789062
484008018,0.0
484008019,-603.7773590087891
484008020,0.0
484008021,0.0
484008022,0.0
484008023,0.0
484008024,-476.14329528808594
484008025,0.0
484008026,0.0
484008027,0.0
484008028,44.85114288330078
484008029,118.09828186035156
484008030,0.0
484008031,0.0
484008032,-169.55236053466797
484008033,0.0
484008034,0.0
484008035,0.0
484008036,0.0
484008037,0.0
484008038,17.62763214111328
484008039,24.741867065429688
484008040,0.0
484008041,111.17264556884766
484008042,0.0
484008043,0.0
484008044,0.0
484008045,29.71387481689453
484008046,100.53849029541016
484008047,0.0
484008048,0.0
484008049,64.19098663330078
484008050,0.0
484008051,0.0
484008052,0.0
484008053,0.0
484008054,0.0
484008055,59.99006652832031
484008056,0.0
484008057,0.0
484008058,0.0
484008059,0.0
484008060,0.0
484008061,-54.20861053466797
484008062,0.0
484008063,-46.32562255859375
484008064,-242.83602905273438
484008065,0.0
484009001,0.0
484009002,0.0
484009003,0.0
484009004,0.0
484009005,0.0
484009006,0.0
484010001,0.0
484010002,0.0
484010003,0.0
484010004,0.0
484010005,0.0
484010006,0.0
484010007,0.0
484010008,0.0
484010009,0.0
484010010,0.0
484010011,0.0
484010012,0.0
484010013,0.0
484010014,0.0
484010015,0.0
484010016,0.0
484010017,0.0
484010018,0.0
484010019,0.0
484010020,0.0
484010021,0.0
484010022,0.0
484010023,0.0
484010024,0.0
484010025,0.0
484010026,0.0
484010027,0.0
484010028,0.0
484010029,0.0
484010030,0.0
484010031,0.0
484010032,0.0
484010033,0.0
484010034,0.0
484010035,0.0
484010036,0.0
484010037,0.0
484010038,0.0
484011001,0.0
484011002,0.0
484011003,0.0
484011004,0.0
484011005,0.0
484011006,0.0
484011007,0.0
484011008,0.0
484011009,0.0
484011010,0.0
484011011,0.0
484011012,0.0
484011013,0.0
484011014,0.0
484011015,0.0
484011016,0.0
484011017,0.0
484011018,0.0
484011019,0.0
484011020,0.0
484011021,0.0
484011022,0.0
484011023,0.0
484011024,0.0
484011025,0.0
484011026,0.0
484011027,0.0
484011028,0.0
484011029,0.0
484011030,0.0
484011031,0.0
484011032,0.0
484011033,0.0
484011034,0.0
484011035,0.0
484011036,0.0
484011037,0.0
484011038,0.0
484011039,0.0
484011040,0.0
484011041,0.0
484011042,0.0
484011043,0.0
484011044,0.0
484011045,0.0
484011046,0.0
484012001,0.0
484012002,0.0
484012003,0.0
484012004,0.0
484012005,0.0
484012006,0.0
484012007,0.0
484012008,0.0
484012009,0.0
484012010,0.0
484012011,0.0
484012012,0.0
484012013,0.0
484012014,0.0
484012015,0.0
484012016,0.0
484012017,0.0
484012018,0.0
484012019,0.0
484012020,0.0
484012021,0.0
484012022,0.0
484012023,0.0
484012024,0.0
484012025,0.0
484012026,0.0
484012027,0.0
484012028,0.0
484012029,0.0
484012030,0.0
484012031,0.0
484012032,0.0
484012033,0.0
484012034,0.0
484012035,0.0
484012036,0.0
484012037,0.0
484012038,0.0
484012039,0.0
484012040,0.0
484012041,0.0
484012042,0.0
484012043,0.0
484012044,0.0
484012045,0.0
484012046,0.0
484012047,0.0
484012048,0.0
484012049,0.0
484012050,0.0
484012051,0.0
484012052,0.0
484012053,0.0
484012054,0.0
484012055,0.0
484012056,0.0
484012057,0.0
484012058,0.0
484012059,0.0
484012060,0.0
484012061,0.0
484012062,0.0
484012063,0.0
484012064,0.0
484012065,0.0
484012066,0.0
484012067,0.0
484012068,0.0
484012069,0.0
484012070,0.0
484012071,0.0
484012072,0.0
484012073,0.0
484012074,0.0
484013001,0.0
484013002,0.0
484013003,0.0
484013004,0.0
484013005,0.0
484013006,0.0
484013007,0.0
484013008,0.0
484013009,0.0
484013010,0.0
484013011,0.0
484013012,0.0
484013013,0.0
484013014,0.0
484013015,0.0
484013016,0.0
484013017,0.0
484013018,0.0
484013019,0.0
484013020,0.0
484013021,0.0
484013022,0.0
484013023,0.0
484013024,0.0
484013025,0.0
484013026,0.0
484013027,0.0
484013028,0.0
484013029,0.0
484013030,0.0
484013031,0.0
484013032,0.0
484013033,0.0
484013034,0.0
484013035,0.0
484013036,0.0
484013037,0.0
484013038,0.0
484013039,0.0
484013040,0.0
484013041,0.0
484013042,0.0
484013043,0.0
484013044,0.0
484013045,0.0
484013046,0.0
484013047,0.0
484013048,0.0
484013049,0.0
484013050,0.0
484013051,0.0
484013052,0.0
484013053,0.0
484013054,0.0
484013055,0.0
484013056,0.0
484013057,0.0
484013058,0.0
484013059,0.0
484013060,0.0
484013061,0.0
484013062,0.0
484013063,0.0
484013064,0.0
484013065,0.0
484013066,0.0
484013067,0.0
484013068,0.0
484013069,0.0
484013070,0.0
484013071,0.0
484013072,0.0
484013073,0.0
484013074,0.0
484013075,0.0
484013076,0.0
484013077,0.0
484013078,0.0
484013079,0.0
484013080,0.0
484013081,0.0
484013082,0.0
484014001,0.0
484014002,0.0
484014003,0.0
484014004,0.0
484014005,0.0
484014006,0.0
484014007,0.0
484014008,0.0
484014009,0.0
484014010,0.0
484014011,0.0
484014012,0.0
484014013,0.0
484014014,0.0
484014015,0.0
484014016,0.0
484014017,0.0
484014018,0.0
484014019,0.0
484014020,0.0
484014021,0.0
484014022,0.0
484014023,0.0
484014024,0.0
484014025,0.0
484014026,0.0
484014027,0.0
484014028,0.0
484014029,0.0
484014030,0.0
484014031,0.0
484014032,0.0
484014033,0.0
484014034,0.0
484014035,0.0
484014036,0.0
484014037,0.0
484014038,0.0
484014039,0.0
484014040,0.0
484014041,0.0
484014042,0.0
484014043,0.0
484014044,0.0
484014045,0.0
484014046,0.0
484014047,0.0
484014048,0.0
484014049,0.0
484014050,0.0
484014051,0.0
484014052,0.0
484014053,0.0
484014054,0.0
484014055,0.0
484014056,0.0
484014057,0.0
484014058,0.0
484014059,0.0
484014060,0.0
484014061,0.0
484014062,0.0
484014063,0.0
484014064,0.0
484014065,0.0
484014066,0.0
484014067,0.0
484014068,0.0
484014069,0.0
484014070,0.0
484014071,0.0
484014072,0.0
484014073,0.0
484014074,0.0
484014075,0.0
484014076,0.0
484014077,0.0
484014078,0.0
484014079,0.0
484014080,0.0
484014081,0.0
484014082,0.0
484014083,0.0
484014084,0.0
484014085,0.0
484014086,0.0
484014087,0.0
484014088,0.0
484014089,0.0
484014090,0.0
484014091,0.0
484014092,0.0
484014093,0.0
484014094,0.0
484014095,0.0
484014096,0.0
484014097,0.0
484014098,0.0
484014099,0.0
484014100,0.0
484014101,0.0
484014102,0.0
484014103,0.0
484014104,0.0
484014105,0.0
484014106,0.0
484014107,0.0
484014108,0.0
484014109,0.0
484014110,0.0
484014111,0.0
484014112,0.0
484014113,0.0
484014114,0.0
484014115,0.0
484014116,0.0
484014117,0.0
484014118,0.0
484014119,0.0
484014120,0.0
484014121,0.0
484014122,0.0
484014123,0.0
484014124,0.0
484015001,0.0
484015002,0.0
484015003,0.0
484015004,0.0
484015005,0.0
484015006,0.0
484015007,0.0
484015008,0.0
484015009,0.0
484015010,0.0
484015011,0.0
484015012,0.0
484015013,0.0
484015014,0.0
484015015,0.0
484015016,0.0
484015017,0.0
484015018,0.0
484015019,0.0
484015020,0.0
484015021,0.0
484015022,0.0
484015023,0.0
484015024,0.0
484015025,0.0
484015026,0.0
484015027,0.0
484015028,0.0
484015029,0.0
484015030,0.0
484015031,0.0
484015032,0.0
484015033,0.0
484015034,0.0
484015035,0.0
484015036,0.0
484015037,0.0
484015038,0.0
484015039,0.0
484015040,0.0
484015041,0.0
484015042,0.0
484015043,0.0
484015044,0.0
484015045,0.0
484015046,0.0
484015047,0.0
484015048,0.0
484015049,0.0
484015050,0.0
484015051,0.0
484015052,0.0
484015053,0.0
484015054,0.0
484015055,0.0
484015056,0.0
484015057,0.0
484015058,0.0
484015059,0.0
484015060,0.0
484015061,0.0
484015062,0.0
484015063,0.0
484015064,0.0
484015065,0.0
484015066,0.0
484015067,0.0
484015068,0.0
484015069,0.0
484015070,0.0
484015071,0.0
484015072,0.0
484015073,0.0
484015074,0.0
484015075,0.0
484015076,0.0
484015077,0.0
484015078,0.0
484015079,0.0
484015080,0.0
484015081,0.0
484015082,0.0
484015083,0.0
484015084,0.0
484015085,0.0
484015086,0.0
484015087,0.0
484015088,0.0
484015089,0.0
484015090,0.0
484015091,0.0
484015092,0.0
484015093,0.0
484015094,0.0
484015095,0.0
484015096,0.0
484015097,0.0
484015098,0.0
484015099,0.0
484015100,0.0
484015101,0.0
484015102,0.0
484015103,0.0
484015104,0.0
484015105,0.0
484015106,0.0
484015107,0.0
484015108,0.0
484015109,0.0
484015110,0.0
484015111,0.0
484015112,0.0
484015113,0.0
484016001,0.0
484016002,0.0
484016003,0.0
484016004,0.0
484016005,0.0
484016006,0.0
484016007,0.0
484016008,0.0
484016009,0.0
484016010,0.0
484016011,0.0
484016012,0.0
484016013,0.0
484016014,0.0
484016015,0.0
484016016,0.0
484016017,0.0
484016018,0.0
484016019,0.0
484016020,0.0
484016021,0.0
484016022,0.0
484016023,0.0
484016024,0.0
484016025,0.0
484016026,0.0
484016027,0.0
484016028,0.0
484016029,0.0
484016030,0.0
484016031,0.0
484016032,0.0
484016033,0.0
484016034,0.0
484016035,0.0
484016036,0.0
484016037,0.0
484016038,0.0
484016039,0.0
484016040,0.0
484016041,0.0
484016042,0.0
484016043,0.0
484016044,0.0
484016045,0.0
484016046,0.0
484016047,0.0
484016048,0.0
484016049,0.0
484016050,0.0
484016051,0.0
484016052,0.0
484016053,0.0
484016054,0.0
484016055,0.0
484016056,0.0
484016057,0.0
484016058,0.0
484016059,0.0
484016060,0.0
484016061,0.0
484016062,0.0
484016063,0.0
484016064,0.0
484016065,0.0
484016066,0.0
484016067,0.0
484016068,0.0
484016069,0.0
484016070,0.0
484016071,0.0
484016072,0.0
484016073,0.0
484016074,0.0
484016075,0.0
484016076,0.0
484016077,0.0
484016078,0.0
484016079,0.0
484016080,0.0
484016081,0.0
484016082,0.0
484016083,0.0
484016084,0.0
484016085,0.0
484016086,0.0
484016087,0.0
484016088,0.0
484016089,0.0
484016090,0.0
484016091,0.0
484016092,0.0
484016093,0.0
484016094,0.0
484016095,0.0
484016096,0.0
484016097,0.0
484016098,0.0
484016099,0.0
484016100,0.0
484016101,0.0
484016102,0.0
484016103,0.0
484016104,0.0
484016105,0.0
484016106,0.0
484016107,0.0
484016108,0.0
484016109,0.0
484017001,0.0
484017002,0.0
484017003,0.0
484017004,0.0
484017005,0.0
484017006,0.0
484017007,0.0
484017008,0.0
484017009,0.0
484017010,0.0
484017011,0.0
484017012,0.0
484017013,0.0
484017014,0.0
484017015,0.0
484017016,0.0
484017017,0.0
484017018,0.0
484017019,0.0
484017020,0.0
484017021,0.0
484017022,0.0
484017023,0.0
484017024,0.0
484017025,0.0
484017026,0.0
484017027,0.0
484017028,0.0
484017029,0.0
484017030,0.0
484017031,0.0
484017032,0.0
484018001,0.0
484018002,0.0
484018003,0.0
484018004,0.0
484018005,0.0
484018006,0.0
484018007,0.0
484018008,0.0
484018009,0.0
484018010,0.0
484018011,0.0
484018012,0.0
484018013,0.0
484018014,0.0
484018015,0.0
484018016,0.0
484018017,0.0
484018018,0.0
484018019,0.0
484019001,0.0
484019002,0.0
484019003,0.0
484019004,0.0
484019005,0.0
484019006,0.0
484019007,0.0
484019008,0.0
484019009,0.0
484019010,0.0
484019011,0.0
484019012,0.0
484019013,0.0
484019014,0.0
484019015,0.0
484019016,0.0
484019017,0.0
484019018,0.0
484019019,0.0
484019020,0.0
484019021,0.0
484019022,0.0
484019023,0.0
484019024,0.0
484019025,0.0
484019026,0.0
484019027,0.0
484019028,0.0
484019029,0.0
484019030,0.0
484019031,0.0
484019032,0.0
484019033,0.0
484019034,0.0
484019035,0.0
484019036,0.0
484019037,0.0
484019038,0.0
484019039,0.0
484019040,0.0
484019041,0.0
484019042,0.0
484019043,0.0
484019044,0.0
484019045,0.0
484019046,0.0
484019047,0.0
484019048,0.0
484019049,0.0
484019050,0.0
484019051,0.0
484020001,0.0
484020002,0.0
484020003,0.0
484020004,0.0
484020005,0.0
484020006,0.0
484020007,0.0
484020008,0.0
484020009,0.0
484020010,0.0
484020011,0.0
484020012,0.0
484020013,0.0
484020014,0.0
484020015,0.0
484020016,0.0
484020017,0.0
484020018,0.0
484020019,0.0
484020020,0.0
484020021,0.0
484020022,0.0
484020023,0.0
484020024,0.0
484020025,0.0
484020026,0.0
484020027,0.0
484020028,0.0
484020029,0.0
484020030,0.0
484020031,0.0
484020032,0.0
484020033,0.0
484020034,0.0
484020035,0.0
484020036,0.0
484020037,0.0
484020038,0.0
484020039,0.0
484020040,0.0
484020041,0.0
484020042,0.0
484020043,0.0
484020044,0.0
484020045,0.0
484020046,0.0
484020047,0.0
484020048,0.0
484020049,0.0
484020050,0.0
484020051,0.0
484020052,0.0
484020053,0.0
484020054,0.0
484020055,0.0
484020056,0.0
484020057,0.0
484020058,0.0
484020059,0.0
484020060,0.0
484020061,0.0
484020062,0.0
484020063,0.0
484020064,0.0
484020065,0.0
484020066,0.0
484020067,0.0
484020068,0.0
484020069,0.0
484020070,0.0
484020071,0.0
484020072,0.0
484020073,0.0
484020074,0.0
484020075,0.0
484020076,0.0
484020077,0.0
484020078,0.0
484020079,0.0
484020080,0.0
484020081,0.0
484020082,0.0
484020083,0.0
484020084,0.0
484020085,0.0
484020086,0.0
484020087,0.0
484020088,0.0
484020089,0.0
484020090,0.0
484020091,0.0
484020092,0.0
484020093,0.0
484020094,0.0
484020095,0.0
484020096,0.0
484020097,0.0
484020098,0.0
484020099,0.0
484020100,0.0
484020101,0.0
484020102,0.0
484020103,0.0
484020104,0.0
484020105,0.0
484020106,0.0
484020107,0.0
484020108,0.0
484020109,0.0
484020110,0.0
484020111,0.0
484020112,0.0
484020113,0.0
484020114,0.0
484020115,0.0
484020116,0.0
484020117,0.0
484020118,0.0
484020119,0.0
484020120,0.0
484020121,0.0
484020122,0.0
484020123,0.0
484020124,0.0
484020125,0.0
484020126,0.0
484020127,0.0
484020128,0.0
484020129,0.0
484020130,0.0
484020131,0.0
484020132,0.0
484020133,0.0
484020134,0.0
484020135,0.0
484020136,0.0
484020137,0.0
484020138,0.0
484020139,0.0
484020140,0.0
484020141,0.0
484020142,0.0
484020143,0.0
484020144,0.0
484020145,0.0
484020146,0.0
484020147,0.0
484020148,0.0
484020149,0.0
484020150,0.0
484020151,0.0
484020152,0.0
484020153,0.0
484020154,0.0
484020155,0.0
484020156,0.0
484020157,0.0
484020158,0.0
484020159,0.0
484020160,0.0
484020161,0.0
484020162,0.0
484020163,0.0
484020164,0.0
484020165,0.0
484020166,0.0
484020167,0.0
484020168,0.0
484020169,0.0
484020170,0.0
484020171,0.0
484020172,0.0
484020173,0.0
484020174,0.0
484020175,0.0
484020176,0.0
484020177,0.0
484020178,0.0
484020179,0.0
484020180,0.0
484020181,0.0
484020182,0.0
484020183,0.0
484020184,0.0
484020185,0.0
484020186,0.0
484020187,0.0
484020188,0.0
484020189,0.0
484020190,0.0
484020191,0.0
484020192,0.0
484020193,0.0
484020194,0.0
484020195,0.0
484020196,0.0
484020197,0.0
484020198,0.0
484020199,0.0
484020200,0.0
484020201,0.0
484020202,0.0
484020203,0.0
484020204,0.0
484020205,0.0
484020206,0.0
484020207,0.0
484020208,0.0
484020209,0.0
484020210,0.0
484020211,0.0
484020212,0.0
484020213,0.0
484020214,0.0
484020215,0.0
484020216,0.0
484020217,0.0
484020218,0.0
484020219,0.0
484020220,0.0
484020221,0.0
484020222,0.0
484020223,0.0
484020224,0.0
484020225,0.0
484020226,0.0
484020227,0.0
484020228,0.0
484020229,0.0
484020230,0.0
484020231,0.0
484020232,0.0
484020233,0.0
484020234,0.0
484020235,0.0
484020236,0.0
484020237,0.0
484020238,0.0
484020239,0.0
484020240,0.0
484020241,0.0
484020242,0.0
484020243,0.0
484020244,0.0
484020245,0.0
484020246,0.0
484020247,0.0
484020248,0.0
484020249,0.0
484020250,0.0
484020251,0.0
484020252,0.0
484020253,0.0
484020254,0.0
484020255,0.0
484020256,0.0
484020257,0.0
484020258,0.0
484020259,0.0
484020260,0.0
484020261,0.0
484020262,0.0
484020263,0.0
484020264,0.0
484020265,0.0
484020266,0.0
484020267,0.0
484020268,0.0
484020269,0.0
484020270,0.0
484020271,0.0
484020272,0.0
484020273,0.0
484020274,0.0
484020275,0.0
484020276,0.0
484020277,0.0
484020278,0.0
484020279,0.0
484020280,0.0
484020281,0.0
484020282,0.0
484020283,0.0
484020284,0.0
484020285,0.0
484020286,0.0
484020287,0.0
484020288,0.0
484020289,0.0
484020290,0.0
484020291,0.0
484020292,0.0
484020293,0.0
484020294,0.0
484020295,0.0
484020296,0.0
484020297,0.0
484020298,0.0
484020299,0.0
484020300,0.0
484020301,0.0
484020302,0.0
484020303,0.0
484020304,0.0
484020305,0.0
484020306,0.0
484020307,0.0
484020308,0.0
484020309,0.0
484020310,0.0
484020311,0.0
484020312,0.0
484020313,0.0
484020314,0.0
484020315,0.0
484020316,0.0
484020317,0.0
484020318,0.0
484020319,0.0
484020320,0.0
484020321,0.0
484020322,0.0
484020323,0.0
484020324,0.0
484020325,0.0
484020326,0.0
484020327,0.0
484020328,0.0
484020329,0.0
484020330,0.0
484020331,0.0
484020332,0.0
484020333,0.0
484020334,0.0
484020335,0.0
484020336,0.0
484020337,0.0
484020338,0.0
484020339,0.0
484020340,0.0
484020341,0.0
484020342,0.0
484020343,0.0
484020344,0.0
484020345,0.0
484020346,0.0
484020347,0.0
484020348,0.0
484020349,0.0
484020350,0.0
484020351,0.0
484020352,0.0
484020353,0.0
484020354,0.0
484020355,0.0
484020356,0.0
484020357,0.0
484020358,0.0
484020359,0.0
484020360,0.0
484020361,0.0
484020362,0.0
484020363,0.0
484020364,0.0
484020365,0.0
484020366,0.0
484020367,0.0
484020368,0.0
484020369,0.0
484020370,0.0
484020371,0.0
484020372,0.0
484020373,0.0
484020374,0.0
484020375,0.0
484020376,0.0
484020377,0.0
484020378,0.0
484020379,0.0
484020380,0.0
484020381,0.0
484020382,0.0
484020383,0.0
484020384,0.0
484020385,0.0
484020386,0.0
484020387,0.0
484020388,0.0
484020389,0.0
484020390,0.0
484020391,0.0
484020392,0.0
484020393,0.0
484020394,0.0
484020395,0.0
484020396,0.0
484020397,0.0
484020398,0.0
484020399,0.0
484020400,0.0
484020401,0.0
484020402,0.0
484020403,0.0
484020404,0.0
484020405,0.0
484020406,0.0
484020407,0.0
484020408,0.0
484020409,0.0
484020410,0.0
484020411,0.0
484020412,0.0
484020413,0.0
484020414,0.0
484020415,0.0
484020416,0.0
484020417,0.0
484020418,0.0
484020419,0.0
484020420,0.0
484020421,0.0
484020422,0.0
484020423,0.0
484020424,0.0
484020425,0.0
484020426,0.0
484020427,0.0
484020428,0.0
484020429,0.0
484020430,0.0
484020431,0.0
484020432,0.0
484020433,0.0
484020434,0.0
484020435,0.0
484020436,0.0
484020437,0.0
484020438,0.0
484020439,0.0
484020440,0.0
484020441,0.0
484020442,0.0
484020443,0.0
484020444,0.0
484020445,0.0
484020446,0.0
484020447,0.0
484020448,0.0
484020449,0.0
484020450,0.0
484020451,0.0
484020452,0.0
484020453,0.0
484020454,0.0
484020455,0.0
484020456,0.0
484020457,0.0
484020458,0.0
484020459,0.0
484020460,0.0
484020461,0.0
484020462,0.0
484020463,0.0
484020464,0.0
484020465,0.0
484020466,0.0
484020467,0.0
484020468,0.0
484020469,0.0
484020470,0.0
484020471,0.0
484020472,0.0
484020473,0.0
484020474,0.0
484020475,0.0
484020476,0.0
484020477,0.0
484020478,0.0
484020479,0.0
484020480,0.0
484020481,0.0
484020482,0.0
484020483,0.0
484020484,0.0
484020485,0.0
484020486,0.0
484020487,0.0
484020488,0.0
484020489,0.0
484020490,0.0
484020491,0.0
484020492,0.0
484020493,0.0
484020494,0.0
484020495,0.0
484020496,0.0
484020497,0.0
484020498,0.0
484020499,0.0
484020500,0.0
484020501,0.0
484020502,0.0
484020503,0.0
484020504,0.0
484020505,0.0
484020506,0.0
484020507,0.0
484020508,0.0
484020509,0.0
484020510,0.0
484020511,0.0
484020512,0.0
484020513,0.0
484020514,0.0
484020515,0.0
484020516,0.0
484020517,0.0
484020518,0.0
484020519,0.0
484020520,0.0
484020521,0.0
484020522,0.0
484020523,0.0
484020524,0.0
484020525,0.0
484020526,0.0
484020527,0.0
484020528,0.0
484020529,0.0
484020530,0.0
484020531,0.0
484020532,0.0
484020533,0.0
484020534,0.0
484020535,0.0
484020536,0.0
484020537,0.0
484020538,0.0
484020539,0.0
484020540,0.0
484020541,0.0
484020542,0.0
484020543,0.0
484020544,0.0
484020545,0.0
484020546,0.0
484020547,0.0
484020548,0.0
484020549,0.0
484020550,0.0
484020551,0.0
484020552,0.0
484020553,0.0
484020554,0.0
484020555,0.0
484020556,0.0
484020557,0.0
484020558,0.0
484020559,0.0
484020560,0.0
484020561,0.0
484020562,0.0
484020563,0.0
484020564,0.0
484020565,0.0
484020566,0.0
484021001,0.0
484021002,0.0
484021003,0.0
484021004,0.0
484021005,0.0
484021006,0.0
484021007,0.0
484021008,0.0
484021009,0.0
484021010,0.0
484021011,0.0
484021012,0.0
484021013,0.0
484021014,0.0
484021015,0.0
484021016,0.0
484021017,0.0
484021018,0.0
484021019,0.0
484021020,0.0
484021021,0.0
484021022,0.0
484021023,0.0
484021024,0.0
484021025,0.0
484021026,0.0
484021027,0.0
484021028,0.0
484021029,0.0
484021030,0.0
484021031,0.0
484021032,0.0
484021033,0.0
484021034,0.0
484021035,0.0
484021036,0.0
484021037,0.0
484021038,0.0
484021039,0.0
484021040,0.0
484021041,0.0
484021042,0.0
484021043,0.0
484021044,0.0
484021045,0.0
484021046,0.0
484021047,0.0
484021048,0.0
484021049,0.0
484021050,0.0
484021051,0.0
484021052,0.0
484021053,0.0
484021054,0.0
484021055,0.0
484021056,0.0
484021057,0.0
484021058,0.0
484021059,0.0
484021060,0.0
484021061,0.0
484021062,0.0
484021063,0.0
484021064,0.0
484021065,0.0
484021066,0.0
484021067,0.0
484021068,0.0
484021069,0.0
484021070,0.0
484021071,0.0
484021072,0.0
484021073,0.0
484021074,0.0
484021075,0.0
484021076,0.0
484021077,0.0
484021078,0.0
484021079,0.0
484021080,0.0
484021081,0.0
484021082,0.0
484021083,0.0
484021084,0.0
484021085,0.0
484021086,0.0
484021087,0.0
484021088,0.0
484021089,0.0
484021090,0.0
484021091,0.0
484021092,0.0
484021093,0.0
484021094,0.0
484021095,0.0
484021096,0.0
484021097,0.0
484021098,0.0
484021099,0.0
484021100,0.0
484021101,0.0
484021102,0.0
484021103,0.0
484021104,0.0
484021105,0.0
484021106,0.0
484021107,0.0
484021108,0.0
484021109,0.0
484021110,0.0
484021111,0.0
484021112,0.0
484021113,0.0
484021114,0.0
484021115,0.0
484021116,0.0
484021117,0.0
484021118,0.0
484021119,0.0
484021120,0.0
484021121,0.0
484021122,0.0
484021123,0.0
484021124,0.0
484021125,0.0
484021126,0.0
484021127,0.0
484021128,0.0
484021129,0.0
484021130,0.0
484021131,0.0
484021132,0.0
484021133,0.0
484021134,0.0
484021135,0.0
484021136,0.0
484021137,0.0
484021138,0.0
484021139,0.0
484021140,0.0
484021141,0.0
484021142,0.0
484021143,0.0
484021144,0.0
484021145,0.0
484021146,0.0
484021147,0.0
484021148,0.0
484021149,0.0
484021150,0.0
484021151,0.0
484021152,0.0
484021153,0.0
484021154,0.0
484021155,0.0
484021156,0.0
484021157,0.0
484021158,0.0
484021159,0.0
484021160,0.0
484021161,0.0
484021162,0.0
484021163,0.0
484021164,0.0
484021165,0.0
484021166,0.0
484021167,0.0
484021168,0.0
484021169,0.0
484021170,0.0
484021171,0.0
484021172,0.0
484021173,0.0
484021174,0.0
484021175,0.0
484021176,0.0
484021177,0.0
484021178,0.0
484021179,0.0
484021180,0.0
484021181,0.0
484021182,0.0
484021183,0.0
484021184,0.0
484021185,0.0
484021186,0.0
484021187,0.0
484021188,0.0
484021189,0.0
484021190,0.0
484021191,0.0
484021192,0.0
484021193,0.0
484021194,0.0
484021195,0.0
484021196,0.0
484021197,0.0
484021198,0.0
484021199,0.0
484021200,0.0
484021201,0.0
484021202,0.0
484021203,0.0
484021204,0.0
484021205,0.0
484021206,0.0
484021207,0.0
484021208,0.0
484021209,0.0
484021210,0.0
484021211,0.0
484021212,0.0
484021213,0.0
484021214,0.0
484021215,0.0
484021216,0.0
484021217,0.0
484022001,0.0
484022002,0.0
484022003,0.0
484022004,0.0
484022005,0.0
484022006,0.0
484022007,0.0
484022008,0.0
484022009,0.0
484022010,0.0
484022011,0.0
484022012,0.0
484022013,0.0
484022014,0.0
484022015,0.0
484022016,0.0
484022017,0.0
484022018,0.0
484023001,0.0
484024001,0.0
484024002,0.0
484024003,0.0
484024004,0.0
484024005,0.0
484024006,0.0
484024007,0.0
484024008,0.0
484024009,0.0
484024010,0.0
484024011,0.0
484024012,0.0
484024013,0.0
484024014,0.0
484024015,0.0
484024016,0.0
484024017,0.0
484024018,0.0
484024019,0.0
484024020,0.0
484024021,0.0
484024022,0.0
484024023,0.0
484024024,0.0
484024025,0.0
484024026,0.0
484024027,0.0
484024028,0.0
484024029,0.0
484024030,0.0
484024031,0.0
484024032,0.0
484024033,0.0
484024034,0.0
484024035,0.0
484024036,0.0
484024037,0.0
484024038,0.0
484024039,0.0
484024040,0.0
484024041,0.0
484024042,0.0
484024043,0.0
484024044,0.0
484024045,0.0
484024046,0.0
484024047,0.0
484024048,0.0
484024049,0.0
484024050,0.0
484024051,0.0
484024052,0.0
484024053,0.0
484024054,0.0
484025001,0.0
484025002,0.0
484025003,0.0
484025004,0.0
484025005,0.0
484025006,0.0
484025007,0.0
484025008,0.0
484025009,0.0
484025010,0.0
484025011,0.0
484025012,0.0
484025013,0.0
484025014,0.0
484025015,0.0
484025016,0.0
484026001,62.70429229736328
484026002,0.0
484026003,0.0
484026004,0.0
484026005,-63.51517200469971
484026006,0.0
484026007,0.0
484026008,142.75315856933594
484026009,-197.66722869873047
484026010,0.0
484026011,0.0
484026012,0.0
484026013,0.0
484026014,87.7310562133789
484026015,0.0
484026016,0.0
484026017,0.0
484026018,0.0
484026019,0.0
484026020,86.28578186035156
484026021,69.51019287109375
484026022,0.0
484026023,0.0
484026024,107.33203125
484026025,45.377113342285156
484026026,0.0
484026027,0.0
484026028,108.66407012939453
484026029,0.0
484026030,0.0
484026031,0.0
484026032,0.0
484026033,0.0
484026034,92.72429656982422
484026035,0.0
484026036,0.0
484026037,30.672178268432617
484026038,87.08061981201172
484026039,0.0
484026040,35.72278594970703
484026041,0.0
484026042,0.0
484026043,0.0
484026044,101.56153106689453
484026045,0.0
484026046,0.0
484026047,0.0
484026048,0.0
484026049,128.3073272705078
484026050,121.88818359375
484026051,48.749427795410156
484026052,87.61680603027344
484026053,72.03858184814453
484026054,91.47840881347656
484026055,0.0
484026056,100.0810775756836
484026057,113.5293960571289
484026058,0.0
484026059,0.0
484026060,0.0
484026061,102.42013549804688
484026062,128.1789093017578
484026063,-118.46311950683594
484026064,0.0
484026065,0.0
484026066,102.92427825927734
484026067,0.0
484026068,109.0090103149414
484026069,74.38379669189453
484027001,0.0
484027002,0.0
484027003,0.0
484027004,0.0
484027005,0.0
484027006,0.0
484027007,0.0
484027008,0.0
484027009,0.0
484027010,0.0
484027011,0.0
484027012,0.0
484027013,0.0
484027014,0.0
484027015,0.0
484027016,0.0
484027017,0.0
484028001,0.0
484028002,0.0
484028003,0.0
484028004,0.0
484028005,0.0
484028006,0.0
484028007,0.0
484028008,0.0
484028009,0.0
484028010,0.0
484028011,0.0
484028012,0.0
484028013,0.0
484028014,0.0
484028015,0.0
484028016,0.0
484028017,0.0
484028018,0.0
484028019,0.0
484028020,0.0
484028021,0.0
484028022,0.0
484028023,0.0
484028024,0.0
484028025,0.0
484028026,0.0
484028027,0.0
484028028,0.0
484028029,0.0
484028030,0.0
484028031,0.0
484028032,0.0
484028033,0.0
484028034,0.0
484028035,0.0
484028036,0.0
484028037,0.0
484028038,0.0
484028039,0.0
484028040,0.0
484028041,0.0
484029001,0.0
484029002,0.0
484029003,0.0
484029004,0.0
484029005,0.0
484029006,0.0
484029007,0.0
484029008,0.0
484029009,0.0
484029010,0.0
484029011,0.0
484029012,0.0
484029013,0.0
484029014,0.0
484029015,0.0
484029016,0.0
484029017,0.0
484029018,0.0
484029019,0.0
484029020,0.0
484029021,0.0
484029022,0.0
484029023,0.0
484029024,0.0
484029025,0.0
484029026,0.0
484029027,0.0
484029028,0.0
484029029,0.0
484029030,0.0
484029031,0.0
484029032,0.0
484029033,0.0
484029034,0.0
484029035,0.0
484029036,0.0
484029037,0.0
484029038,0.0
484029039,0.0
484029040,0.0
484029041,0.0
484029042,0.0
484029043,0.0
484030001,0.0
484030002,0.0
484030003,0.0
484030004,0.0
484030005,0.0
484030006,0.0
484030007,0.0
484030008,0.0
484030009,0.0
484030010,0.0
484030011,0.0
484030012,0.0
484030013,0.0
484030014,0.0
484030015,0.0
484030016,0.0
484030017,0.0
484030018,0.0
484030019,0.0
484030020,0.0
484030021,0.0
484030022,0.0
484030023,0.0
484030024,0.0
484030025,0.0
484030026,0.0
484030027,0.0
484030028,0.0
484030029,0.0
484030030,0.0
484030031,0.0
484030032,0.0
484030033,0.0
484030034,0.0
484030035,0.0
484030036,0.0
484030037,0.0
484030038,0.0
484030039,0.0
484030040,0.0
484030041,0.0
484030042,0.0
484030043,0.0
484030044,0.0
484030045,0.0
484030046,0.0
484030047,0.0
484030048,0.0
484030049,0.0
484030050,0.0
484030051,0.0
484030052,0.0
484030053,0.0
484030054,0.0
484030055,0.0
484030056,0.0
484030057,0.0
484030058,0.0
484030059,0.0
484030060,0.0
484030061,0.0
484030062,0.0
484030063,0.0
484030064,0.0
484030065,0.0
484030066,0.0
484030067,0.0
484030068,0.0
484030069,0.0
484030070,0.0
484030071,0.0
484030072,0.0
484030073,0.0
484030074,0.0
484030075,0.0
484030076,0.0
484030077,0.0
484030078,0.0
484030079,0.0
484030080,0.0
484030081,0.0
484030082,0.0
484030083,0.0
484030084,0.0
484030085,0.0
484030086,0.0
484030087,0.0
484030088,0.0
484030089,0.0
484030090,0.0
484030091,0.0
484030092,0.0
484030093,0.0
484030094,0.0
484030095,0.0
484030096,0.0
484030097,0.0
484030098,0.0
484030099,0.0
484030100,0.0
484030101,0.0
484030102,0.0
484030103,0.0
484030104,0.0
484030105,0.0
484030106,0.0
484030107,0.0
484030108,0.0
484030109,0.0
484030110,0.0
484030111,0.0
484030112,0.0
484030113,0.0
484030114,0.0
484030115,0.0
484030116,0.0
484030117,0.0
484030118,0.0
484030119,0.0
484030120,0.0
484030121,0.0
484030122,0.0
484030123,0.0
484030124,0.0
484030125,0.0
484030126,0.0
484030127,0.0
484030128,0.0
484030129,0.0
484030130,0.0
484030131,0.0
484030132,0.0
484030133,0.0
484030134,0.0
484030135,0.0
484030136,0.0
484030137,0.0
484030138,0.0
484030139,0.0
484030140,0.0
484030141,0.0
484030142,0.0
484030143,0.0
484030144,0.0
484030145,0.0
484030146,0.0
484030147,0.0
484030148,0.0
484030149,0.0
484030150,0.0
484030151,0.0
484030152,0.0
484030153,0.0
484030154,0.0
484030155,0.0
484030156,0.0
484030157,0.0
484030158,0.0
484030159,0.0
484030160,0.0
484030161,0.0
484030162,0.0
484030163,0.0
484030164,0.0
484030165,0.0
484030166,0.0
484030167,0.0
484030168,0.0
484030169,0.0
484030170,0.0
484030171,0.0
484030172,0.0
484030173,0.0
484030174,0.0
484030175,0.0
484030176,0.0
484030177,0.0
484030178,0.0
484030179,0.0
484030180,0.0
484030181,0.0
484030182,0.0
484030183,0.0
484030184,0.0
484030185,0.0
484030186,0.0
484030187,0.0
484030188,0.0
484030189,0.0
484030190,0.0
484030191,0.0
484030192,0.0
484030193,0.0
484030194,0.0
484030195,0.0
484031001,0.0
484031002,0.0
484031003,0.0
484031004,0.0
484031005,0.0
484031006,0.0
484031007,0.0
484031008,0.0
484031009,0.0
484031010,0.0
484031011,0.0
484031012,0.0
484031013,0.0
484031014,0.0
484031015,0.0
484031016,0.0
484031017,0.0
484031018,0.0
484031019,0.0
484031020,0.0
484031021,0.0
484031022,0.0
484031023,0.0
484031024,0.0
484031025,0.0
484031026,0.0
484031027,0.0
484031028,0.0
484031029,0.0
484031030,0.0
484031031,0.0
484031032,0.0
484031033,0.0
484031034,0.0
484031035,0.0
484031036,0.0
484031037,0.0
484031038,0.0
484031039,0.0
484031040,0.0
484031041,0.0
484031042,0.0
484031043,0.0
484031044,0.0
484031045,0.0
484031046,0.0
484031047,0.0
484031048,0.0
484031049,0.0
484031050,0.0
484031051,0.0
484031052,0.0
484031053,0.0
484031054,0.0
484031055,0.0
484031056,0.0
484031057,0.0
484031058,0.0
484031059,0.0
484031060,0.0
484031061,0.0
484031062,0.0
484031063,0.0
484031064,0.0
484031065,0.0
484031066,0.0
484031067,0.0
484031068,0.0
484031069,0.0
484031070,0.0
484031071,0.0
484031072,0.0
484031073,0.0
484031074,0.0
484031075,0.0
484031076,0.0
484031077,0.0
484031078,0.0
484031079,0.0
484031080,0.0
484031081,0.0
484031082,0.0
484031083,0.0
484031084,0.0
484031085,0.0
484031086,0.0
484031087,0.0
484031088,0.0
484031089,0.0
484031090,0.0
484031091,0.0
484031092,0.0
484031093,0.0
484031094,0.0
484031095,0.0
484031096,0.0
484031097,0.0
484031098,0.0
484031099,0.0
484031100,0.0
484031101,0.0
484031102,0.0
484031103,0.0
484031104,0.0
484031105,0.0
484031106,0.0
484032001,0.0
484032002,0.0
484032003,0.0
484032004,0.0
484032005,0.0
484032006,0.0
484032007,0.0
484032008,0.0
484032009,0.0
484032010,0.0
484032011,0.0
484032012,0.0
484032013,0.0
484032014,0.0
484032015,0.0
484032016,0.0
484032017,0.0
484032018,0.0
484032019,0.0
484032020,0.0
484032021,0.0
484032022,0.0
484032023,0.0
484032024,0.0
484032025,0.0
484032026,0.0
484032027,0.0
484032028,0.0
484032029,0.0
484032030,0.0
484032031,0.0
484032032,0.0
484032033,0.0
484032034,0.0
484032035,0.0
484032036,0.0
484032037,0.0
484032038,0.0
484032039,0.0
484032040,0.0
484032041,0.0
484032042,0.0
484032043,0.0
484032044,0.0
484032045,0.0
484032046,0.0
484032047,0.0
484032048,0.0
484032049,0.0
484032050,0.0
484032051,0.0
484032052,0.0
484032053,0.0
